{
	"welcomeFile": "/webapp/index.html",
	"routes": [{
			"path": "/resources",
			"target": {
				"type": "service",
				"name": "sapui5",
				"entryPath": "/resources",
				"version": "1.38.11"
			},
			"description": "SAPUI5 Resources"
		}, {
			"path": "/test-resources",
			"target": {
				"type": "service",
				"name": "sapui5",
				"entryPath": "/test-resources",
				"version": "1.38.11"
			},
			"description": "SAPUI5 Test Resources"
		},

		{
			"path": "/OpenWeather",
			"target": {
				"type": "destination",
				"name": "OpenWeather",
				"entryPath": "/"
			},
			"description": "Hava Durumu API"
		}

	],
	"sendWelcomeFileRedirect": true
}